,Agriculture,Aquaculture,Beach and Dune,Forest Plantation,Grassland,Mining,Mosaic of Agriculture and Pasture,Natural Forest,Non Observed,Other Non Vegetated Area,Pasture,"River, Lake and Ocean",Rocky outcrop,Urban Infrastructure,Wetland
Agriculture,5117477.5430000005,0.0,20.43826035,5020.696936,772348.2985,3.3275329410000003,1.659405878,37861.59068,0.452246973,3940.7008600000004,0.9390995540000001,7577.570103,111.0194937,521.6199332,4342.45315
Aquaculture,0.0,0.0,,,,,,,,,,0.0,,0.0,
Beach and Dune,22.38356711,,104693.5654,0.0,297.9562522,,,0.0,7.174567499,4047.636698,,52.47745074,,39.67975959,0.0
Forest Plantation,287.3979447,,0.0,94590.00134,90.22521303,0.0,,204.431189,,0.15438186,,0.077233813,0.0,0.310290125,0.075902521
Grassland,592419.3753,0.0,439.5306393,5551.112686,7829120.331,6.155431934,,57534.31694,0.609686505,5810.598132,,8835.920978,119.8190932,1291.165225,4938.070884000001
Mining,0.077612408,,,0.0,0.0,778.1172249,,0.0,,0.540173114,,0.0,7.646309564,0.30927567699999997,
Mosaic of Agriculture and Pasture,0.868392432,,,0.0,,,36.46536887,0.39006339700000003,,0.0,0.07790971099999999,0.0,,0.0,
Natural Forest,35685.22658,,0.0,16898.99566,79871.5771,0.38557915,0.077905615,2226602.378,0.15303098099999998,400.449033,0.0,2742.010109,19.65378073,265.29092030000004,681.6172649
Non Observed,0.0,,20.82549693,,0.152962213,,,0.380976019,37.20978788,9.448419434,,3.103874567,,0.0,0.22611467300000002
Other Non Vegetated Area,10545.7367,,1525.0663439999998,60.46343621,14617.36567,0.07697673299999999,0.0,526.4118632,8.863323682,174438.8015,,976.8332952,79.03289312,2143.967251,29.56213769
Pasture,0.156512817,,,0.0,,,0.0,0.07788902,,,8.189407202,,,0.0,
"River, Lake and Ocean",6717.450683,0.0,216.122827,1.0000376340000001,3174.308461,0.077555762,,4472.383608,17.19664037,1026.398523,,1823789.753,0.07693889200000001,20.18301489,633.3749997
Rocky outcrop,136.02207119999997,,,0.0,21.84459924,0.23091362899999998,,0.616926404,,57.91713198,,0.0,7393.154848,0.077282367,
Urban Infrastructure,0.0,0.0,5.730298242000001,,0.307761713,0.076461084,,0.0,0.0,0.077911145,,0.077488159,,73053.45916,0.0
Wetland,968.7466929,,0.0,19.63801982,1352.019121,,0.0,389.18449489999995,0.0,2.644316168,,515.1581633999999,,0.305172546,239001.264
