,Agriculture,Beach and Dune,Forest Plantation,Grassland,Mining,Mosaic of Agriculture and Pasture,Natural Forest,Non Observed,Other Non Vegetated Area,Pasture,"River, Lake and Ocean",Salt flat,Urban Infrastructure,Wetland
Agriculture,87259.18927663301,0.0,3.467114655,846.6133101500001,4.487746942,,1296.3898834160002,0.0,0.0,10528.292705479,18.772194016,0.0,1389.54956851,
Beach and Dune,0.625742169,2214.4518104,,306.58647229999997,,,14.120028826999999,8.221659204,0.0,24.480106758999998,606.6598408,5.0045424679999995,36.645305486,
Forest Plantation,400.471775652,,15876.993118999999,8665.27558236,0.0,,18777.463772,,,2700.03047606,11.168312272,,69.1872968,
Grassland,113321.49863419002,272.18038064,11008.782396891,13372824.006764097,362.607380357,,817022.4826739698,34.123251723,62.568834961,86468.762365477,260484.72442900998,7054.593391899999,25657.226537461,0.0
Mining,10.113829675000002,,0.346428333,737.790114309,10672.44722355,,60.575777446000004,,,275.467410521,39.188427422000004,0.0,109.255775544,
Mosaic of Agriculture and Pasture,0.0,,,,,0.0,0.0,,,0.0,,,,
Natural Forest,3860442.3668457507,157.73097453100002,45004.99965793199,863664.1402735179,12736.746371244999,,336974881.8382088,131.19441013600002,110.71176012800001,36719939.0979518,1077511.912545101,1195.2581614880003,73391.934586238,
Non Observed,1524.0915622419998,69.6182895,0.0,27.563268421000004,,,112.960922922,5187.9468563790015,0.0,1232.056009028,241.17954163099998,2.412486273,2.76305744,
Other Non Vegetated Area,0.0,,0.0,0.71507337,,,23.413940249,0.0,91.05274925299999,8.133769379,0.178773236,0.0,0.261764905,
Pasture,824123.44880304,11.435368055,13443.13057909,69544.3142815,890.294039292,,2159347.946762,7.481511016999999,91.58611803599999,13235220.11684,36363.39780960001,52.69516094,93261.82716439999,0.0
"River, Lake and Ocean",2887.785002907,792.6289310000001,137.70724909700002,136162.3836433,53.158146488,,472293.0244070401,97.64179612999999,3.030487573,62210.8625028,9465771.614309998,438.38611504,623.2999477479999,
Salt flat,1.96505307,31.537255614000003,,894.0059025999999,11.88691412,,419.76169881999994,3.753542291,0.0,8.490353339,204.84441732,19847.042772499997,9.917706853999999,
Urban Infrastructure,0.0,1.965916742,,0.0,11.99964631,,0.08936875,0.0,0.0,0.17817065399999998,0.087984045,18.577569303,111785.60853250002,
Wetland,,,,0.686380005,,,,,,,,,,0.687889014
