,Agriculture,Beach and Dune,Forest Plantation,Grassland,Mining,Mosaic of Agriculture and Pasture,Natural Forest,Non Observed,Other Non Vegetated Area,Pasture,"River, Lake and Ocean",Salt flat,Urban Infrastructure,Wetland
Agriculture,88257.05289015401,0.446752637,0.0,4469.709101430999,0.0,,4674.8856198309995,0.0,0.0,53322.208573567994,12.693671374,0.178626685,203.139077784,
Beach and Dune,0.0,4497.101178,,71.58040689,,,2.949067506,9.293291638,0.0,1.519620355,95.42385542,29.218073662000002,0.35739569699999996,
Forest Plantation,0.0,,14812.864720667,377.945592278,0.0,,2578.1798568,,,148.82932589,1.877192407,,6.167943426000001,
Grassland,3757.0839596630003,176.03190825000001,23453.632786218,13709959.726017997,4.081217144,,445436.61624709994,32.216497147,38.782834249,68863.730018811,100536.211796397,2087.1462471,3683.061845181999,0.257378082
Mining,0.0,,0.0,11.368751886,12454.855293210001,,1.955115943,,,8.283882335,4.091769532000001,0.0,0.622731689,
Mosaic of Agriculture and Pasture,0.0,,,,,0.0,0.0,,,0.0,,,,
Natural Forest,78091.341754639,14.119018219,33798.962210405996,616682.975371661,482.64255365800005,,364744880.37373215,109.05051306599998,135.741904324,9466651.85887858,211786.686408808,319.142920577,5369.377702598001,
Non Observed,198.0093282,28.061089037,0.089386737,35.326070765,,,95.985564681,7401.654063336999,0.0,176.47833059599998,95.292602878,5.5414498839999995,0.5335380439999999,
Other Non Vegetated Area,0.0,,0.0,146.678594955,,,188.13272367,0.0,2590.300968556,1832.6829711,475.8112019,0.0,0.0,
Pasture,53284.629005116,4.646696418,3144.4147059,134078.44845422002,36.459240199999996,,1699053.9799021005,90.97579089399999,58.10933561,19278506.080039997,19414.429594919995,131.83373769,10861.430168379999,0.0
"River, Lake and Ocean",5.8904806149999995,491.0343808,19.845048376,138004.02005514,0.983291528,,254083.467674442,96.92172225899999,7.1467491160000005,62784.985042500004,9651052.518800003,163.57128643000001,49.064605693999994,
Salt flat,0.0,13.042718642,,2138.2062894,0.0,,146.91381786,3.0383790829999997,0.0,6.433651227,48.676530399,24335.403060999997,1.340110803,
Urban Infrastructure,0.175089563,0.8042843510000001,,0.178277618,0.800202472,,1.0652625359999999,0.08779293199999999,0.0,2.315635181,0.357276099,1.340114685,154515.64635949998,
Wetland,,,,0.0,,,,,,,,,,0.515392609
