,Agriculture,Beach and Dune,Forest Plantation,Grassland,Mining,Mosaic of Agriculture and Pasture,Natural Forest,Non Observed,Other Non Vegetated Area,Pasture,"River, Lake and Ocean",Salt flat,Urban Infrastructure,Wetland
Agriculture,542593.8454430301,0.0,1.072717657,19394.502141674995,0.0,,4166.193964406,0.086942053,0.0,41512.565746356995,160.06951539699998,0.267809808,227.858088107,
Beach and Dune,0.0,5555.905499,,22.07586213,,,1.429797339,9.830568768,0.0,0.89381117,64.25121926,2.1444044250000003,0.536101202,
Forest Plantation,69.72311281500001,,51391.16271522001,5076.473171489999,0.0,,2658.348796023,,,336.31741806099996,0.0,,0.0,
Grassland,8454.548560588999,14.923979352,418.08223014,14174195.84264,2.66060691,,229526.62297179893,26.32308792,18.585363075,76865.21233248,45280.71313535,133.15625021,449.1175106630001,0.08607012300000001
Mining,0.089320947,,0.0,21.329648136,14129.84462444,,3.8403495550000004,,,21.859080209,0.71419093,0.0,0.6235135549999999,
Mosaic of Agriculture and Pasture,0.0,,,,,0.0,0.0,,,0.0,,,,
Natural Forest,21301.558466784,2.323904693,1341.6743579,193636.65124433802,155.052317124,,355277276.67527664,71.389934095,11.879662298000001,2098088.3924780823,90027.845007401,11.257263538,415.214645933,
Non Observed,0.260811163,13.315722387000001,0.0,32.654971316,,,72.438641206,7169.404072289,0.0,55.056539978,87.464727338,1.6980142280000001,0.354370813,
Other Non Vegetated Area,0.0,,0.0,69.716365542,,,75.964809541,0.0,1151.7766124060001,215.88018128800002,6.613820325000001,0.0,0.7938822819999999,
Pasture,76034.96837710198,0.26815125100000003,1619.78976227,56712.09828446,41.282086617,,836967.5363335701,11.220977508,299.635113102,36615570.86122999,18965.656577380003,0.6252915160000001,3105.1717196599993,0.0
"River, Lake and Ocean",195.478898559,46.640004185,0.26810224,76393.87543932999,0.799420343,,116374.82532841702,93.49552330300001,48.845220303999994,32225.287227800003,10196069.56421,5.271171796000001,32.059934236,
Salt flat,0.0,3.4847160830000004,,1234.4210573000003,0.0,,46.635012362,4.8263276,0.0,18.947453896,50.29051445,29636.083741000002,0.089311615,
Urban Infrastructure,0.263828797,0.8042262569999998,,0.535679596,0.44180939300000005,,2.043958648,0.0,0.0,2.751344738,0.089371655,1.6972188110000002,226393.39520519998,
Wetland,,,,0.428986792,,,,,,,,,,1.718056799
