,Agriculture,Beach and Dune,Forest Plantation,Grassland,Mining,Mosaic of Agriculture and Pasture,Natural Forest,Non Observed,Other Non Vegetated Area,Pasture,"River, Lake and Ocean",Salt flat,Urban Infrastructure,Wetland
Agriculture,2496173.662327664,0.0,1636.028303758,19722.598285703003,0.44330381399999996,,16626.391670360004,78.32214282000001,71.546349795,172667.353334699,415.96326927200005,5.537634247000001,1323.810703533,
Beach and Dune,0.446955365,3860.9611916,,334.16521275,,,11.350519732,21.895850529,3.57316618,18.76169562,861.1925191999999,11.078447014,13.944063703,
Forest Plantation,940.132259026,,33347.585439899995,261.48741494300003,0.0,,12061.652745245001,,,3985.1353418100007,0.089307568,,0.0,
Grassland,100856.065679763,40.386809182,20356.701272759,13450636.142356,532.941538756,,413132.86920265894,32.585258553,106.423643852,67761.38205061002,84185.46256136001,5624.967082630001,3725.3753382440004,0.0
Mining,238.50153454699998,,0.0,215.091359382,16879.176399789998,,50.913970365,,,975.9160136730001,140.73937120600002,0.0,65.93752760299999,
Mosaic of Agriculture and Pasture,0.0,,,,,0.0,0.0,,,0.0,,,,
Natural Forest,493235.0163024,2.6807898619999997,36861.066403731005,655460.780262405,4460.313231932,,332519070.5438545,122.863992333,272.99645004499996,9220055.472176302,321229.3857344941,554.7482016499999,8549.631097574,
Non Observed,90.12976843,13.760705154,0.0,31.590433568,,,94.64081565200001,5026.065372528,0.0,318.37266231200005,187.638323855,3.03843075,0.44467925399999997,
Other Non Vegetated Area,39.396466099,,0.08934058800000001,95.872774553,,,49.859410162,0.0,1926.8289982130002,468.175860134,1.783907348,0.0,16.951720479,
Pasture,2712779.85310345,11.887023517,21309.325886414,202770.71867523,1181.9076032140001,,3425107.29924844,132.905661259,719.4907343729999,43630332.85728,58067.94445540001,26.983843081,39366.1214252,0.0
"River, Lake and Ocean",3430.8957457769993,211.39713552,73.004809111,189786.9329823,116.824930196,,188973.99152852502,109.148524412,112.27877188000001,62918.203670099996,10159500.790070001,124.40366917700001,181.38901959199998,
Salt flat,20.713062014000002,14.924209108,,1871.7286661,0.0,,168.22521709900002,5.988054760999999,0.0,77.04503070999999,151.94846804,24000.904409000002,14.922709113,
Urban Infrastructure,0.35195647599999996,0.535995813,,0.357371606,16.088829996999998,,1.8755777470000001,0.0,0.0,1.86446178,0.619583442,3.3943190970000003,280365.068717,
Wetland,,,,0.258100159,,,,,,,,,,1.28868631
