,Agriculture,Forest Plantation,Grassland,Mining,Mosaic of Agriculture and Pasture,Natural Forest,Non Observed,Other Non Vegetated Area,Pasture,"River, Lake and Ocean",Urban Infrastructure,Wetland
Agriculture,514.800336247,0.0,138.296949336,,,2.047298608,0.0,,1906.26370922,1.1164302609999999,0.0,29.54792057
Forest Plantation,0.0,28.30508722,0.0,,,2.058697577,0.0,,0.0,0.0,,0.0
Grassland,359.81872748,0.0,4802511.25,8.352824725000001,,22709.314814999998,28.208709196,0.0,184078.21342,442.9552307,22.290823464,475907.16969999997
Mining,,,1.6064259280000002,497.8240177,,1.437034198,0.0,,0.084560242,0.0,,0.0
Mosaic of Agriculture and Pasture,0.0,0.0,0.0,0.0,0.0,0.0,0.0,0.0,0.0,0.0,0.0,0.0
Natural Forest,594.9887801719999,0.516386267,34821.33645,24.519428661000003,,4602516.598633,3.572483905,0.0,156969.48882,82.53766282599999,12.09960375,156.37873832
Non Observed,0.0,,31.629440062,0.0,,1.765290723,148.02355086,,69.856807077,0.594847259,1.117872913,1.345532452
Other Non Vegetated Area,0.0,,0.0,,,0.0,0.0,3.470002905,0.0,,0.846248804,
Pasture,1426.2365782,0.0,58388.87311,1.975048779,,10377.164386,1.256593896,0.0,1475522.5677999998,123.78658981000001,133.80232855,3909.984214
"River, Lake and Ocean",34.883869815,0.0,1213.6290951,0.0,,441.38353465,2.298533923,,149.30856355999998,451847.90760000004,0.0,3150.2670209999997
Urban Infrastructure,,,0.0,,,,0.0,,0.0,,4438.973487,
Wetland,1.266761255,0.0,894643.3092,,,908.5813120089999,1.869540039,,2593.520038,2114.8402875,0.0,1898288.3652000001
