,Agriculture,Forest Plantation,Grassland,Mining,Mosaic of Agriculture and Pasture,Natural Forest,Non Observed,Other Non Vegetated Area,Pasture,"River, Lake and Ocean",Urban Infrastructure,Wetland
Agriculture,844.7409193930001,0.0,49.23676575499999,,,6.2599982,0.085180658,,2065.155394202,0.42570396200000005,0.0,170.861669132
Forest Plantation,0.0,18.531825011,0.084449878,,,0.0,0.0,,0.0,0.0,,0.0
Grassland,313.771073708,0.509403589,4836957.13,22.378108812,,12465.230125,9.915610126,0.0,136239.07323,629.633011,34.622837759,814106.9649
Mining,,,4.565770764,501.8099652540001,,1.944315069,0.253646411,,11.0753214,0.0,,0.0
Mosaic of Agriculture and Pasture,0.0,0.0,0.0,0.0,0.0,0.0,0.0,0.0,0.0,0.0,0.0,0.0
Natural Forest,341.358070049,0.601863525,30802.132231,10.989713146,,4501292.350993,0.9343363899999999,0.0,73750.151147,239.47911615,6.0932038330000005,523.43527077
Non Observed,0.0,,20.44342063,0.0,,1.27039173,136.32822055,,19.755615566,2.132768061,0.0,0.6801406489999999
Other Non Vegetated Area,0.0,,0.0,,,0.0,0.0,0.08462321800000001,0.0,,0.0,
Pasture,4577.847200863,0.515430945,78776.36098,8.213435711999999,,15385.262350399998,21.386324784,0.0,1794443.7774,52.008892302,195.21204767,5333.3153823
"River, Lake and Ocean",60.125720083000004,0.0,719.3088852,0.507385327,,97.120367913,1.013675037,,105.94386979000001,447637.8998,0.25390449800000003,2180.8927304
Urban Infrastructure,,,0.0,,,,0.0,,0.0,,4776.449279,
Wetland,28.579357862000002,0.0,460151.00059999997,,,464.84891744000004,1.354048785,,3925.4631179999997,9630.79629,0.0,1854169.762
