,Agriculture,Forest Plantation,Grassland,Mining,Mosaic of Agriculture and Pasture,Natural Forest,Non Observed,Other Non Vegetated Area,Pasture,"River, Lake and Ocean",Urban Infrastructure,Wetland
Agriculture,2011.47278993,0.0,51.785844729000004,,,24.655308243999997,0.0,,4403.029337656999,1.7154251100000002,0.0,8.838102832
Forest Plantation,0.0,25.046425913,0.085859314,,,0.085878052,0.0,,0.515430945,0.0,,0.0
Grassland,426.32880115200004,0.7680229680000001,4497339.784,26.48998182,,58174.739229,37.08454292,0.16927431,153964.00176,675.5224202999999,8.454716797,675043.6631
Mining,,,0.507244543,515.24885454,,0.0,0.0,,0.338276111,0.0,,0.0
Mosaic of Agriculture and Pasture,0.0,0.0,0.0,0.0,0.0,0.0,0.0,0.0,0.0,0.0,0.0,0.0
Natural Forest,1421.252725542,9.722809064,16311.025185999999,49.698255515,,4367586.961085,19.967961771,0.3385329650000001,79374.81983000001,276.280294405,5.502006725999999,478.790720006
Non Observed,0.0,,5.445357855999999,0.084552814,,1.767241094,134.58868318,,10.610571232,0.765817999,19.606443814,2.2023387330000004
Other Non Vegetated Area,0.0,,0.0,,,0.0,0.0,1.608103558,0.0,,0.0,
Pasture,9884.546848813,82.89041864,78522.75102,34.83144152,,26510.197593999997,33.980264606,8.124851611,1930508.3235,82.0013079,243.26454945,4117.159313
"River, Lake and Ocean",40.652440458,25.75484996,632.2351931000001,0.0,,24.986698506000003,1.018309497,,77.96262175,462423.91319999995,0.253015179,2347.2052882999997
Urban Infrastructure,,,0.0,,,,0.17198465,,0.0,,5175.55075,
Wetland,505.94261173900003,0.341689283,763338.4599,,,800.64705409,1.189699389,,8943.313137,2300.4665254,0.0,1939228.1945000002
