,Agriculture,Forest Plantation,Grassland,Mining,Mosaic of Agriculture and Pasture,Natural Forest,Non Observed,Other Non Vegetated Area,Pasture,"River, Lake and Ocean",Urban Infrastructure,Wetland
Agriculture,6712.0802978110005,0.0,9.346147656000001,,,1.3517775019999998,0.0,,909.727120342,3.616176538,0.0,10.344672680999999
Forest Plantation,0.0,26.771537181,0.5150012629999999,,,0.0,0.0,,0.60134494,0.0,,0.0
Grassland,42.365505776999996,1.2871941409999998,4196727.1850000005,0.17051254300000002,,22044.3887179,14.411168407999998,0.0,16955.979301,440.60418580000004,0.764330945,432509.2817
Mining,,,0.6763763979999999,498.71719239,,0.591798657,0.0,,0.084587469,0.255126312,,0.0
Mosaic of Agriculture and Pasture,0.0,0.0,0.0,0.0,0.0,0.0,0.0,0.0,0.0,0.0,0.0,0.0
Natural Forest,73.454527384,5.8205073,9099.534802000002,0.591586078,,4474134.2576734,1.692612994,0.0,9279.76766,12.155421252,4.7389969,403.2599697200001
Non Observed,0.0,,22.873868521,0.0,,0.5876831490000001,181.10229197,,4.06286947,0.248891217,0.170646392,1.011219678
Other Non Vegetated Area,0.0,,0.0,,,0.0,0.0,0.0,0.0,,0.0,
Pasture,2511.2923996130003,5.672186334,12412.749899,0.169105347,,2405.2653268999998,7.427994556,0.0,2037358.1228,58.295927914,22.94448149,942.41508963
"River, Lake and Ocean",3.6889647770000003,0.0,211.92241527000002,0.0,,1.0998489070000002,0.426466095,,54.989189507,465992.3158,0.0,894.0901692
Urban Infrastructure,,,0.0,,,,0.0,,0.0,,5269.642828,
Wetland,32.360105420000004,0.0,1633273.993,,,514.4819508600001,1.773554309,,1595.3276731,244.75993699999998,0.0,1760396.0238
